torneo;superficie;categoria;edizioni_valutate;velocita_media;velocita_min;velocita_max
Antalya;G;B;3;96.3;95;99
Stuttgart;G;B;5;91.6;89;96
Olympics;G;O;1;87.0;87;87
Zagreb;P;B;2;80.5;73;88
Madrid Masters;H;M;7;80.4;68;100
Geneva;P;B;3;77.7;67;84
Masters;P;F;7;77.6;55;100
Chengdu;H;B;4;77.0;67;100
Halle;G;A;27;76.2;57;97
Paris Masters;H;B;14;75.8;60;93
Marseille;H;B;25;75.6;52;95
Shanghai Masters;H;M;11;75.5;60;99
Paris Masters;P;B;16;73.8;58;84
Basel;P;A;9;73.2;66;82
Shenzhen;H;B;5;73.0;61;86
Metz;H;B;17;73.0;55;90
Masters;H;F;23;72.5;52;98
Montpellier;H;B;11;71.3;62;78
Rotterdam;H;A;21;71.2;54;85
Rotterdam;P;A;9;71.0;36;94
Antwerp;H;B;5;70.2;51;90
Milan;P;B;14;70.1;43;90
Queen's Club;G;A;29;69.7;40;100
Sofia;H;B;5;69.2;59;76
Wimbledon;G;G;29;69.2;49;89
Basel;H;A;20;68.4;44;85
Montpellier;P;B;18;68.4;43;98
Cincinnati Masters;H;M;30;68.3;38;87
Vienna;P;A;8;67.8;47;85
Singapore;P;A;5;67.4;53;84
Stuttgart Masters;H;A;4;67.3;59;75
Ostrava;P;B;8;66.6;44;84
ATP Cup;H;T;1;66.0;66;66
Bogota;H;B;3;65.7;62;69
Eastbourne;G;B;29;65.5;50;82
Stuttgart Masters;P;A;7;65.0;51;74
Vienna;H;A;22;64.8;45;87
Memphis;H;A;27;64.4;38;85
Stockholm;P;B;4;64.3;55;71
Moscow;H;B;13;64.0;51;79
Milan;H;B;1;64.0;64;64
Quito;C;B;4;63.8;45;78
Marseille;P;B;3;63.7;56;72
Tokyo Indoor;P;A;5;63.4;50;76
Moscow;P;B;15;63.4;34;85
Ho Chi Minh City;P;B;4;63.3;54;70
Zagreb;H;B;8;63.3;56;70
Wembley 3;P;B;6;63.2;40;84
Winston-Salem;H;B;9;62.9;55;77
s Hertogenbosch;G;B;29;62.4;41;89
Bangkok;H;B;11;62.3;41;79
Copenhagen;P;B;9;62.2;46;77
Stockholm;H;B;25;61.8;48;75
Mumbai;H;B;2;61.5;57;66
Beijing;P;A;4;61.3;56;70
Zhuhai;H;B;1;61.0;61;61
St Petersburg;P;A;9;60.8;50;69
Atlanta;H;B;10;60.6;47;75
Berkeley;H;B;25;59.5;29;81
Madrid Masters;C;M;11;59.0;40;69
Toulouse;H;B;10;59.0;39;90
Washington;H;A;29;58.7;33;77
Canada Masters;H;B;29;58.5;31;76
Tokyo;H;A;29;58.0;31;84
Newport;G;B;29;58.0;38;75
Adelaide;H;B;30;57.7;35;88
Zaragoza;P;B;2;57.5;50;65
New Haven;H;B;6;57.5;46;73
Valencia;H;B;7;57.1;49;64
Acapulco;H;A;7;56.4;39;66
St Petersburg;H;A;16;55.8;31;76
Beijing;H;A;17;55.8;40;76
US Open;H;G;30;55.1;30;68
Los Cabos;H;B;4;55.0;46;65
Olympics;H;O;2;54.5;53;56
Sydney;H;B;29;54.2;30;92
Lyon;C;B;3;54.0;48;59
Johannesburg;H;B;3;53.7;48;59
Philadelphia;H;A;2;53.5;43;64
Auckland;H;B;30;53.5;35;76
Nur-Sultan;H;B;1;53.0;53;53
Tashkent;H;B;6;53.0;38;64
Gstaad;C;B;29;52.1;36;66
Australian Open;H;G;30;52.1;29;83
Delray Beach;H;B;22;51.8;38;67
Kuala Lumpur;H;B;7;51.3;44;61
Sao Paulo;C;B;16;51.3;32;79
Pune;H;B;25;51.2;25;72
Indian Wells Masters;H;M;29;51.1;31;75
Indianapolis;H;B;19;50.4;29;66
Dubai;H;A;28;50.4;15;76
Boston;H;B;3;50.3;42;55
Sydney Indoor;H;A;4;50.3;35;71
Doha;H;B;28;50.1;25;74
Ho Chi Minh City;H;B;5;49.6;39;64
Long Island;H;B;14;49.4;23;71
Philadelphia;P;A;6;49.3;41;54
Sao Paulo;H;B;3;48.7;46;51
Los Angeles;H;B;22;48.6;34;63
New Haven;H;A;8;48.3;37;59
Wembley 3;H;B;2;48.0;43;53
Miami Masters;H;M;29;47.5;25;66
Brussels;P;A;2;47.0;46;48
Santiago;C;B;1;47.0;47;47
Hong Kong;H;B;12;46.7;25;70
Copenhagen;H;B;4;45.3;32;65
Acapulco;C;A;20;44.0;21;77
Cordoba;C;B;2;43.5;41;46
Johannesburg;H;B;4;43.5;24;60
Las Vegas;H;B;17;43.2;17;57
Geneva;C;B;7;42.6;22;64
Oahu;H;B;1;42.0;42;42
Schenectady;H;B;4;42.0;32;55
Sao Paulo;H;B;2;42.0;37;47
Vina Del Mar;C;B;21;42.0;12;59
Stuttgart;C;B;24;41.5;27;57
Tel Aviv;H;B;6;41.2;29;57
Cologne 2;H;B;1;41.0;41;41
Brighton;H;B;1;41.0;41;41
Bogota;C;B;7;41.0;20;58
Taipei;P;B;1;40.0;40;40
Dusseldorf;C;B;2;40.0;39;41
Rio De Janeiro;C;A;7;39.1;32;46
Kitzbuhel;C;B;29;38.7;24;62
Nice;C;B;7;38.3;27;43
Merano;C;B;1;38.0;38;38
Munich;C;B;29;38.0;8;59
Chicago;P;B;1;38.0;38;38
Buenos Aires;C;B;23;37.1;20;51
Cologne 1;H;B;1;37.0;37;37
Hilversum;C;B;18;36.8;27;54
Rome Masters;C;M;30;36.3;3;60
Singapore;H;B;2;36.0;29;43
Buzios;H;B;2;36.0;32;40
Budapest;C;B;3;35.7;27;44
Guaruja;H;B;2;35.0;31;39
Roland Garros;C;G;30;34.4;17;51
Berkeley;P;B;1;34.0;34;34
Brasilia;P;B;1;34.0;34;34
Barcelona;C;A;29;33.7;13;46
Antalya;H;B;1;33.0;33;33
Istanbul;C;B;4;33.0;19;42
Osaka;H;B;2;32.5;31;34
Valencia;C;B;14;32.5;20;46
Seoul;H;B;6;32.3;14;55
Delray Beach;C;B;7;32.3;17;41
Milwaukee;C;B;29;31.6;16;50
Bordeaux;C;B;1;31.0;31;31
Kuala Lumpur-1;H;B;1;31.0;31;31
Maceio;H;B;1;31.0;31;31
Singapore;H;A;4;30.5;18;55
Jakarta;H;B;4;30.5;21;37
Palermo;C;B;16;30.2;15;43
Bordeaux;H;B;4;30.0;27;37
Bucharest;C;B;24;29.7;18;44
Brighton;C;B;4;29.5;27;35
Bastad 1;C;B;29;29.3;1;52
Hamburg;C;A;30;29.3;3;53
Atlanta;H;B;1;29.0;29;29
Belgrade;C;B;4;28.8;17;36
Warsaw;C;B;18;28.5;3;43
Athens;C;B;4;28.3;16;44
Marrakech;C;B;28;28.3;1;57
Atlanta;C;B;10;28.1;17;44
Dusseldorf;C;T;18;27.9;12;45
Poertschach;C;B;18;27.6;5;46
Sardinia;C;B;1;26.0;26;26
Montevideo;C;B;2;25.5;22;29
Umag;C;B;29;25.3;2;47
Maceio;C;B;1;24.0;24;24
Charlotte;C;B;6;23.7;5;29
Bologna;C;B;8;23.3;3;37
Oporto;C;B;6;22.2;9;34
Estoril;C;B;29;22.1;3;38
Sao Paulo;C;B;1;22.0;22;22
Wellington;H;B;2;20.0;18;22
Monte Carlo Masters;C;M;29;19.6;1;37
Madrid;C;B;4;12.5;9;17
Nice;C;B;5;11.2;5;18
Prague;C;B;9;7.9;1;16
