giocatore;incontri;veloci;lenti;scarto_veloci;scarto_lenti;scarto_veloci_netto;scarto_lenti_netto
Rafael Nadal;1138;435;279;-7.62;15.41;-4.04;3.40
Diego Sebastian Schwartzman;290;120;53;0.87;14.43;-0.99;6.09
Guillermo Coria;304;53;157;-20.65;13.96;-10.67;3.55
Pablo Andujar;332;102;108;-20.89;12.83;-5.63;3.26
Juan Carlos Ferrero;684;207;265;-5.53;11.34;-1.25;4.39
Pablo Carreno Busta;334;138;71;-1.00;11.20;-1.78;3.78
Potito Starace;318;47;155;-21.18;10.83;-3.50;2.00
Tommy Robredo;848;292;276;-5.74;10.74;-0.54;4.27
Juan Monaco;553;128;217;-12.46;10.50;-4.35;2.38
Federico Delbonis;270;75;68;-22.60;10.42;-10.47;2.18
Jiri Vesely;230;108;55;3.71;9.98;0.64;5.95
Lukas Rosol;254;114;50;-2.81;9.97;-0.13;6.06
Fabio Fognini;627;221;195;-5.03;9.77;-0.72;4.88
Albert Montanes;520;83;263;-11.60;9.73;2.07;3.96
Albert Costa;604;79;323;-27.46;9.64;-11.93;3.55
Richard Krajicek;590;165;191;5.14;9.55;0.90;7.50
Jose Acasuso;341;63;159;-12.73;9.35;0.12;1.44
Andrei Medvedev;495;94;240;-8.15;9.03;-2.29;2.93
Filippo Volandri;358;45;226;-17.18;8.99;0.81;1.19
Stan Wawrinka;780;372;149;-3.66;8.90;-1.92;4.71
Dusan Lajovic;261;101;50;-8.58;8.88;-3.89;4.87
Richard Gasquet;823;452;135;1.03;8.83;-0.26;3.96
David Ferrer;1043;392;304;-4.32;8.30;-0.25;3.25
Mario Ancic;309;146;47;7.15;8.12;1.00;4.78
Andrea Gaudenzi;410;44;244;-15.04;7.78;-5.08;2.47
Victor Hanescu;393;111;146;-1.97;7.68;5.00;0.90
Mariano Zabaleta;392;57;193;-6.83;7.30;2.86;0.02
Carlos Moya;838;175;387;-5.58;7.27;-0.25;3.15
Nicolas Almagro;633;162;250;-8.94;7.25;-1.18;0.41
Dominic Thiem;421;210;59;-1.07;7.01;-1.25;-7.18
Felix Mantilla;505;67;270;-20.36;6.96;-3.66;1.06
Albert Ramos;447;154;126;-7.78;6.74;-1.32;2.97
Christophe Rochus;308;81;127;-9.97;6.39;-2.13;3.31
Jurgen Melzer;613;238;143;-1.71;6.36;-1.72;3.67
Aljaz Bedene;231;108;63;0.33;6.14;-0.82;2.40
Santiago Giraldo;317;127;58;-7.72;6.12;-4.59;4.47
Alberto Martin;468;64;252;-21.47;6.02;-10.79;1.06
Carlos Berlocq;298;69;121;-15.91;5.82;-6.23;2.47
Slava Dosedel;359;40;217;-5.93;5.75;6.31;1.77
Marcelo Rios;515;105;178;3.50;5.71;1.15;1.74
Marc Kevin Goellner;332;54;152;-10.52;5.70;-3.06;1.46
Agustin Calleri;366;72;154;-9.61;5.64;-1.97;-1.23
Fernando Gonzalez;508;151;151;-5.08;5.64;-2.83;1.42
Julien Boutter;143;52;56;3.98;5.56;4.53;-1.44
Paolo Lorenzi;278;105;61;-5.77;5.55;-2.23;6.48
Sergi Bruguera;553;85;322;-15.43;5.47;-5.05;0.28
Martin Klizan;254;115;62;-3.60;5.43;-0.58;0.39
Lionel Roux;188;49;48;4.53;5.34;4.50;6.24
Malivai Washington;376;56;175;4.99;5.25;2.66;4.26
Magnus Norman;379;90;150;-2.38;5.20;-2.83;1.35
Jason Stoltenberg;439;60;153;-11.13;5.19;-7.25;3.29
Marcel Granollers;423;153;121;-4.23;5.00;-2.43;4.27
Juan Martin Del Potro;567;287;53;-0.88;4.94;-4.43;-0.45
Andreas Seppi;719;352;157;0.17;4.83;1.35;3.80
Jim Courier;555;84;231;-11.83;4.71;-10.35;1.64
Luis Horna;236;40;117;-3.70;4.67;9.07;-0.49
Alex Corretja;670;96;345;-19.77;4.63;-6.51;0.21
Florent Serra;283;111;76;-5.84;4.59;-1.67;6.02
Lars Burgsmuller;231;68;72;-2.95;4.48;-3.88;9.80
Evgeny Korolev;155;50;42;0.80;4.26;1.66;6.32
Thomas Muster;594;73;371;-12.38;4.15;4.21;-1.18
Guillermo Garcia Lopez;634;240;169;-5.32;4.08;-2.59;1.47
Younes El Aynaoui;432;74;204;-9.36;4.08;-5.09;-1.23
Cedric Pioline;629;174;214;2.68;4.07;3.09;2.75
Nikolay Davydenko;760;266;222;-4.19;4.07;-3.08;0.97
Wayne Ferreira;765;170;249;-5.46;3.90;-3.77;2.76
Novak Djokovic;1043;560;138;2.03;3.78;-0.95;3.28
Nicolas Lapentti;541;104;218;-12.84;3.61;-8.80;1.98
Gaston Gaudio;426;70;198;-18.42;3.49;-7.84;-0.81
Stefan Koubek;420;116;136;4.77;3.39;5.05;0.72
Bjorn Phau;211;70;49;-4.92;3.37;-0.35;3.58
Kei Nishikori;550;314;61;6.02;3.19;1.85;0.80
Guillermo Canas;418;117;155;-4.21;3.05;-2.99;0.78
Jiri Vanek;184;45;88;-6.20;2.90;0.43;-0.97
Milos Raonic;502;328;44;3.72;2.83;-0.62;3.58
Renzo Furlan;407;45;244;-8.90;2.78;-6.21;1.30
Nicolas Massu;417;86;180;-11.74;2.66;-5.31;1.92
Guillaume Raoux;368;79;133;-2.60;2.48;-9.57;5.61
Jarkko Nieminen;668;302;141;-0.82;2.37;0.35;1.64
Paul Henri Mathieu;536;240;121;0.27;2.33;-0.77;1.37
Adrian Voinea;280;49;134;-3.21;2.26;2.69;0.81
Robin Haase;442;205;81;0.17;2.06;0.95;-0.07
Filip Dewulf;192;42;76;-3.36;1.99;-7.02;-1.36
David Nalbandian;527;211;147;4.33;1.98;1.91;0.37
Bohdan Ulihrach;433;103;180;-1.49;1.88;3.52;-2.11
Gustavo Kuerten;500;119;174;-6.26;1.73;-1.13;-3.46
Scott Draper;225;44;50;-5.71;1.67;-7.34;6.15
Francisco Clavet;671;60;390;-14.13;1.64;-7.76;0.66
Grigor Dimitrov;508;309;56;3.03;1.54;0.24;3.86
Juan Ignacio Chela;555;122;214;-10.96;1.48;-2.65;-0.09
Jerome Golmard;258;67;69;5.34;1.43;-0.78;4.22
Fernando Verdasco;931;377;198;-3.35;1.39;-0.89;-1.94
Sebastien Grosjean;539;211;125;-2.17;1.38;-4.06;1.59
Igor Andreev;425;135;134;-3.59;1.32;-0.75;0.06
Alexandr Dolgopolov;392;194;63;0.13;1.14;-1.85;-0.50
Patrick Rafter;499;144;109;1.27;0.91;-1.65;3.03
Pablo Cuevas;384;114;96;-5.83;0.90;0.58;-6.36
Jiri Novak;554;175;177;3.10;0.90;4.81;-2.21
Andy Roddick;748;389;82;3.63;0.73;-1.03;2.85
Andrei Pavel;469;133;164;-6.50;0.45;-3.91;0.40
