giocatore;rivincite_tentate;rivincite_riuscite;pct_dopo_sconfitta;pct_attesa_rivincite;effetto_rivincita;conferme_tentate;conferme_riuscite;pct_dopo_vittoria;pct_attesa_conferme;effetto_conferma
Fernando Luna;69;19;27.54;35.60;-8.06;42;29;69.05;52.87;16.18
Kelly Evernden;50;14;28.00;37.61;-9.61;40;27;67.50;52.68;14.82
Michael Llodra;106;35;33.02;35.54;-2.52;75;45;60.00;46.29;13.71
Henrik Sundstrom;42;13;30.95;41.38;-10.42;56;40;71.43;58.24;13.18
Dan Goldie;49;14;28.57;37.62;-9.05;41;28;68.29;56.63;11.66
Jan Lennard Struff;83;39;46.99;32.81;14.18;48;29;60.42;48.88;11.53
Christian Bergstrom;81;29;35.80;38.28;-2.47;64;39;60.94;50.06;10.88
Tim Wilkison;173;61;35.26;37.44;-2.18;118;75;63.56;52.91;10.64
Brad Drewett;104;31;29.81;34.06;-4.25;59;33;55.93;45.54;10.39
Jan Siemerink;150;56;37.33;41.89;-4.55;138;79;57.25;47.29;9.96
Steve Johnson;92;28;30.43;38.24;-7.81;70;43;61.43;51.95;9.48
Jack Sock;62;26;41.94;40.14;1.79;70;47;67.14;58.37;8.77
Dominic Thiem;102;58;56.86;51.00;5.86;158;115;72.78;64.12;8.67
Ray Ruffels;110;35;31.82;31.18;0.64;92;56;60.87;52.33;8.54
Jurgen Fassbender;66;31;46.97;39.86;7.11;58;37;63.79;55.33;8.46
Arnaud Boetsch;113;52;46.02;44.78;1.24;108;68;62.96;54.66;8.31
Jose Acasuso;89;34;38.20;42.04;-3.84;86;52;60.47;52.36;8.11
Tomas Carbonell;118;44;37.29;36.31;0.98;70;39;55.71;47.75;7.96
Corrado Barazzutti;118;50;42.37;42.52;-0.14;121;85;70.25;62.33;7.92
Daniil Medvedev;53;30;56.60;48.98;7.63;61;42;68.85;61.17;7.69
Pavel Slozil;70;21;30.00;35.51;-5.51;47;25;53.19;45.81;7.38
Amos Mansdorf;117;48;41.03;39.69;1.33;124;79;63.71;56.38;7.33
Lucas Pouille;47;22;46.81;41.09;5.72;56;35;62.50;55.35;7.15
Juan Aguilera;54;23;42.59;36.77;5.82;51;29;56.86;49.77;7.09
Gianluca Pozzi;128;34;26.56;33.41;-6.84;59;30;50.85;43.80;7.05
Borna Coric;76;36;47.37;41.80;5.57;58;35;60.34;53.32;7.02
Marcos Baghdatis;163;69;42.33;42.08;0.25;172;107;62.21;55.22;6.99
Luiz Mattar;74;26;35.14;39.98;-4.84;62;36;58.06;51.36;6.70
Alexander Zverev;80;48;60.00;50.28;9.72;125;91;72.80;66.22;6.58
Kim Warwick;136;47;34.56;38.13;-3.57;109;65;59.63;53.14;6.49
Miloslav Mecir;55;28;50.91;49.00;1.91;113;85;75.22;68.81;6.42
Mario Ancic;65;30;46.15;44.18;1.97;83;57;68.67;62.29;6.38
Guillermo Canas;98;41;41.84;45.55;-3.71;112;72;64.29;57.93;6.35
Haroon Rahim;98;28;28.57;30.51;-1.94;61;32;52.46;46.12;6.34
Eliot Teltscher;133;54;40.60;44.33;-3.72;185;137;74.05;67.77;6.29
Mardy Fish;131;58;44.27;43.98;0.29;129;82;63.57;57.29;6.28
Raymond Moore;257;80;31.13;31.25;-0.12;166;90;54.22;47.96;6.26
Robin Soderling;119;64;53.78;49.86;3.93;154;108;70.13;63.96;6.17
Alberto Martin;147;51;34.69;37.59;-2.90;92;48;52.17;46.23;5.94
Pablo Carreno Busta;91;42;46.15;39.43;6.72;85;52;61.18;55.25;5.92
Robby Ginepri;99;32;32.32;35.52;-3.19;87;47;54.02;48.24;5.78
Guillermo Coria;51;30;58.82;53.14;5.68;110;80;72.73;67.01;5.72
Guillaume Raoux;121;43;35.54;35.84;-0.30;66;36;54.55;48.86;5.69
Tommy Haas;214;107;50.00;48.15;1.85;293;199;67.92;62.27;5.64
Pablo Arraya;72;24;33.33;38.18;-4.84;55;32;58.18;52.58;5.60
Henri Leconte;129;61;47.29;42.36;4.92;156;101;64.74;59.41;5.33
Geoff Masters;150;39;26.00;32.52;-6.52;93;54;58.06;52.93;5.13
Younes El Aynaoui;117;52;44.44;45.83;-1.38;113;66;58.41;53.33;5.08
Kenneth Carlsen;134;37;27.61;35.55;-7.94;96;51;53.13;48.07;5.05
Nicolas Almagro;192;80;41.67;45.15;-3.48;205;141;68.78;63.74;5.04
Philipp Kohlschreiber;246;99;40.24;41.70;-1.45;239;153;64.02;59.02;5.00
Xavier Malisse;147;51;34.69;39.10;-4.40;133;76;57.14;52.26;4.88
Earl Butch Buchholz;55;24;43.64;42.25;1.38;49;29;59.18;54.32;4.87
Terry Moor;126;38;30.16;35.63;-5.47;94;54;57.45;52.60;4.84
Ivan Molina;93;28;30.11;30.50;-0.39;59;30;50.85;46.07;4.78
Balazs Taroczy;147;55;37.41;43.45;-6.04;174;127;72.99;68.22;4.77
Thierry Tulasne;101;38;37.62;39.26;-1.63;96;56;58.33;53.74;4.59
Horacio De La Pena;73;36;49.32;40.39;8.92;75;41;54.67;50.14;4.53
Franco Squillari;79;28;35.44;41.24;-5.79;60;29;48.33;43.85;4.48
Mariano Puerta;45;24;53.33;44.50;8.84;48;26;54.17;49.74;4.43
Ivan Dodig;57;22;38.60;32.72;5.88;42;21;50.00;45.64;4.36
Juan Martin Del Potro;120;66;55.00;51.01;3.99;239;187;78.24;73.91;4.33
Fernando Vicente;114;30;26.32;36.48;-10.16;72;35;48.61;44.44;4.17
Greg Rusedski;187;89;47.59;47.36;0.23;235;151;64.26;60.22;4.04
Mark Woodforde;181;72;39.78;41.47;-1.69;146;80;54.79;50.77;4.03
Gael Monfils;179;92;51.40;46.95;4.45;275;190;69.09;65.12;3.97
Raul Ramirez;203;102;50.25;50.34;-0.10;291;210;72.16;68.31;3.85
Johan Kriek;138;64;46.38;45.91;0.47;174;121;69.54;65.69;3.85
Derrick Rostagno;95;39;41.05;42.51;-1.46;80;44;55.00;51.18;3.82
Wojtek Fibak;214;100;46.73;45.50;1.23;292;203;69.52;65.72;3.80
Mark Cox;193;76;39.38;41.98;-2.60;208;131;62.98;59.20;3.78
Sebastien Grosjean;145;62;42.76;49.92;-7.16;174;113;64.94;61.17;3.77
Filippo Volandri;100;36;36.00;34.73;1.27;70;35;50.00;46.23;3.77
Fabrice Santoro;271;115;42.44;41.98;0.45;239;127;53.14;49.40;3.73
James Blake;146;66;45.21;47.36;-2.15;181;117;64.64;60.92;3.72
Paolo Bertolucci;70;23;32.86;39.61;-6.75;87;55;63.22;59.53;3.69
Chris Lewis Nzl;93;37;39.78;41.69;-1.90;67;42;62.69;59.00;3.68
Nicolas Mahut;100;33;33.00;31.61;1.39;73;35;47.95;44.29;3.66
Nicolas Kiefer;159;74;46.54;43.70;2.84;168;101;60.12;56.47;3.65
Jose Higueras;149;71;47.65;47.76;-0.11;202;149;73.76;70.12;3.64
Ramesh Krishnan;155;61;39.35;38.63;0.73;118;71;60.17;56.59;3.57
Kevin Curren;144;62;43.06;43.45;-0.39;165;106;64.24;60.68;3.56
Roberto Bautista Agut;114;52;45.61;44.08;1.54;170;121;71.18;67.65;3.53
Sam Querrey;192;86;44.79;42.46;2.33;190;115;60.53;57.10;3.43
Karol Kucera;139;69;49.64;45.33;4.31;125;71;56.80;53.37;3.43
Bohdan Ulihrach;130;53;40.77;37.75;3.02;111;59;53.15;49.75;3.40
Nicolas Lapentti;158;55;34.81;41.05;-6.24;141;80;56.74;53.34;3.39
Milos Raonic;116;58;50.00;49.79;0.21;193;142;73.58;70.18;3.39
Robert Lutz;219;94;42.92;42.50;0.42;254;165;64.96;61.59;3.37
Paul Mcnamee;109;40;36.70;37.91;-1.21;73;42;57.53;54.17;3.37
Gilles Simon;242;102;42.15;44.33;-2.18;300;191;63.67;60.30;3.37
Patrick Rafter;126;70;55.56;51.05;4.50;179;125;69.83;66.48;3.36
Bjorn Borg;100;74;74.00;65.41;8.59;389;338;86.89;83.56;3.33
Guy Forget;178;79;44.38;45.60;-1.22;174;109;62.64;59.32;3.32
Stan Smith;230;109;47.39;52.43;-5.04;513;393;76.61;73.30;3.31
Vincent Spadea;211;81;38.39;38.66;-0.27;146;74;50.68;47.45;3.23
Igor Andreev;131;48;36.64;42.86;-6.22;110;62;56.36;53.14;3.22
Pablo Andujar;105;40;38.10;34.12;3.98;58;26;44.83;41.62;3.21
Wayne Ferreira;208;97;46.63;48.47;-1.84;280;181;64.64;61.44;3.20
David Nalbandian;126;63;50.00;52.68;-2.68;189;131;69.31;66.15;3.17
